Time(ms),X(mG),Y(mG),Z(mG),Classification
1.43794E+12,888,344,-48,Jumping Jacks
1.43794E+12,776,256,-280,Jumping Jacks
1.43794E+12,648,184,-328,Jumping Jacks
1.43794E+12,456,256,-848,Jumping Jacks
1.43794E+12,728,224,-2096,Jumping Jacks
1.43794E+12,1392,400,-1928,Jumping Jacks
1.43794E+12,2296,1008,-2328,Jumping Jacks
1.43794E+12,3168,1152,-2224,Jumping Jacks
1.43794E+12,3120,1640,-1184,Jumping Jacks
1.43794E+12,2608,1584,-408,Jumping Jacks
1.43794E+12,1872,1216,-288,Jumping Jacks
1.43794E+12,1368,968,240,Jumping Jacks
1.43794E+12,1072,768,144,Jumping Jacks
1.43794E+12,920,864,280,Jumping Jacks
1.43794E+12,872,736,384,Jumping Jacks
1.43794E+12,816,712,224,Jumping Jacks
1.43794E+12,824,696,96,Jumping Jacks
1.43794E+12,936,688,256,Jumping Jacks
1.43794E+12,1120,208,-360,Jumping Jacks
1.43794E+12,712,-688,16,Jumping Jacks
1.43794E+12,328,-1992,-1384,Jumping Jacks
1.43794E+12,-152,-2936,-1000,Jumping Jacks
1.43794E+12,-464,-3016,-224,Jumping Jacks
1.43794E+12,-96,-2008,-256,Jumping Jacks
1.43794E+12,600,-760,288,Jumping Jacks
1.43794E+12,1184,56,232,Jumping Jacks
1.43794E+12,1456,528,0,Jumping Jacks
1.43794E+12,1448,792,64,Jumping Jacks
1.43794E+12,1480,616,224,Jumping Jacks
1.43794E+12,1720,824,-112,Jumping Jacks
1.43794E+12,1560,880,-80,Jumping Jacks
1.43794E+12,1480,784,-8,Jumping Jacks
1.43794E+12,1592,1040,-584,Jumping Jacks
1.43794E+12,2344,840,-1560,Jumping Jacks
1.43794E+12,3208,920,-3968,Jumping Jacks
1.43794E+12,3648,1808,-4080,Jumping Jacks
1.43794E+12,3368,632,-3792,Jumping Jacks
1.43794E+12,2832,704,-1960,Jumping Jacks
1.43794E+12,2168,752,-952,Jumping Jacks
1.43794E+12,1920,800,-176,Jumping Jacks
1.43794E+12,2008,824,-392,Jumping Jacks
1.43794E+12,2048,912,-88,Jumping Jacks
1.43794E+12,2200,976,184,Jumping Jacks
1.43794E+12,2240,1056,72,Jumping Jacks
1.43794E+12,2352,1088,288,Jumping Jacks
1.43794E+12,2264,848,256,Jumping Jacks
1.43794E+12,1952,-728,904,Jumping Jacks
1.43794E+12,288,-1848,712,Jumping Jacks
1.43794E+12,-288,-2960,1248,Jumping Jacks
1.43794E+12,-216,-2992,528,Jumping Jacks
1.43794E+12,184,-1936,456,Jumping Jacks
1.43794E+12,1136,-680,136,Jumping Jacks
1.43794E+12,1672,320,128,Jumping Jacks
1.43794E+12,2048,752,288,Jumping Jacks
1.43794E+12,2392,880,440,Jumping Jacks
1.43794E+12,2392,1048,200,Jumping Jacks
1.43794E+12,1984,984,-80,Jumping Jacks
1.43794E+12,1816,1008,-584,Jumping Jacks
1.43794E+12,1512,872,-1040,Jumping Jacks
1.43794E+12,1952,1256,-2320,Jumping Jacks
1.43794E+12,2680,1920,-4080,Jumping Jacks
1.43794E+12,3056,1152,-4080,Jumping Jacks
1.43794E+12,3568,1488,-2560,Jumping Jacks
1.43794E+12,3152,1208,-1696,Jumping Jacks
1.43794E+12,2368,1088,-1048,Jumping Jacks
1.43794E+12,2056,976,-296,Jumping Jacks
1.43794E+12,2056,1000,88,Jumping Jacks
1.43794E+12,2152,1040,176,Jumping Jacks
1.43794E+12,2256,1112,184,Jumping Jacks
1.43794E+12,2496,1296,368,Jumping Jacks
1.43794E+12,2624,1040,240,Jumping Jacks
1.43794E+12,2144,488,712,Jumping Jacks
1.43794E+12,736,-536,792,Jumping Jacks
1.43794E+12,432,-2312,288,Jumping Jacks
1.43794E+12,280,-3200,232,Jumping Jacks
1.43794E+12,208,-3096,1040,Jumping Jacks
1.43794E+12,608,-2040,152,Jumping Jacks
1.43794E+12,1104,-712,160,Jumping Jacks
1.43794E+12,1792,160,304,Jumping Jacks
1.43794E+12,2144,744,-296,Jumping Jacks
1.43794E+12,2104,984,-136,Jumping Jacks
1.43794E+12,2024,1056,24,Jumping Jacks
1.43794E+12,1712,1032,-296,Jumping Jacks
1.43794E+12,1512,984,-24,Jumping Jacks
1.43794E+12,1376,1016,-744,Jumping Jacks
1.43794E+12,1144,1352,-1024,Jumping Jacks
1.43794E+12,2464,1496,-3488,Jumping Jacks
1.43794E+12,3272,256,-4080,Jumping Jacks
1.43794E+12,3480,936,-3416,Jumping Jacks
1.43794E+12,3184,256,-2840,Jumping Jacks
1.43794E+12,2496,200,-1552,Jumping Jacks
1.43794E+12,1984,624,-584,Jumping Jacks
1.43794E+12,1976,712,-440,Jumping Jacks
1.43794E+12,2104,848,-568,Jumping Jacks
1.43794E+12,2336,1000,-176,Jumping Jacks
1.43794E+12,2680,1048,-328,Jumping Jacks
1.43794E+12,2480,832,-256,Jumping Jacks
1.43794E+12,2472,784,136,Jumping Jacks
1.43794E+12,2192,504,784,Jumping Jacks
1.43794E+12,1216,-528,1552,Jumping Jacks
1.43794E+12,840,-2304,2216,Jumping Jacks
1.43794E+12,456,-3080,1592,Jumping Jacks
1.43794E+12,648,-2400,1328,Jumping Jacks
1.43794E+12,1064,-1272,360,Jumping Jacks
1.43794E+12,2208,-184,-320,Jumping Jacks
1.43794E+12,3144,1384,-648,Jumping Jacks
1.43794E+12,3192,1344,-440,Jumping Jacks
1.43794E+12,2848,1344,-448,Jumping Jacks
1.43794E+12,2376,1192,-584,Jumping Jacks
1.43794E+12,1728,840,-1048,Jumping Jacks
1.43794E+12,1224,736,-448,Jumping Jacks
1.43794E+12,704,1152,-1760,Jumping Jacks
1.43794E+12,1664,-88,-4080,Jumping Jacks
1.43794E+12,2752,1368,-3056,Jumping Jacks
1.43794E+12,3416,472,-2776,Jumping Jacks
1.43794E+12,3416,0,-2184,Jumping Jacks
1.43794E+12,2568,96,-1560,Jumping Jacks
1.43794E+12,2072,328,-712,Jumping Jacks
1.43794E+12,2096,552,-296,Jumping Jacks
1.43794E+12,2272,584,-448,Jumping Jacks
1.43794E+12,2208,688,208,Jumping Jacks
1.43794E+12,2352,936,40,Jumping Jacks
1.43794E+12,2352,960,328,Jumping Jacks
1.43794E+12,2224,688,792,Jumping Jacks
1.43794E+12,1736,24,552,Jumping Jacks
1.43794E+12,648,-1344,-32,Jumping Jacks
1.43794E+12,656,-2712,-208,Jumping Jacks
1.43794E+12,360,-3400,304,Jumping Jacks
1.43794E+12,496,-2768,632,Jumping Jacks
1.43794E+12,984,-1528,72,Jumping Jacks
1.43794E+12,1840,-264,-120,Jumping Jacks
1.43794E+12,2376,832,248,Jumping Jacks
1.43794E+12,2312,1168,-184,Jumping Jacks
1.43794E+12,2000,1176,80,Jumping Jacks
1.43794E+12,1688,1104,208,Jumping Jacks
1.43794E+12,1472,968,-32,Jumping Jacks
1.43794E+12,1448,872,-344,Jumping Jacks
1.43794E+12,1416,880,-320,Jumping Jacks
1.43794E+12,2264,1360,-1952,Jumping Jacks
1.43794E+12,3176,2264,-3208,Jumping Jacks
1.43794E+12,3632,3168,-3968,Jumping Jacks
1.43794E+12,3360,3136,-1400,Jumping Jacks
1.43794E+12,2672,2656,-768,Jumping Jacks
1.43794E+12,2120,2000,80,Jumping Jacks
1.43794E+12,2008,1512,440,Jumping Jacks
1.43794E+12,1904,1184,440,Jumping Jacks
1.43794E+12,1960,1144,440,Jumping Jacks
1.43794E+12,2184,1240,448,Jumping Jacks
1.43794E+12,2536,1296,104,Jumping Jacks
1.43794E+12,2384,1192,176,Jumping Jacks
1.43794E+12,2360,928,656,Jumping Jacks
1.43794E+12,1776,-576,1632,Jumping Jacks
1.43794E+12,976,-1888,912,Jumping Jacks
1.43794E+12,560,-2984,-112,Jumping Jacks
1.43794E+12,384,-3536,-240,Jumping Jacks
1.43794E+12,784,-2664,32,Jumping Jacks
1.43794E+12,1408,-1192,24,Jumping Jacks
1.43794E+12,2320,208,304,Jumping Jacks
1.43794E+12,2480,1112,352,Jumping Jacks
1.43794E+12,2616,1184,776,Jumping Jacks
1.43794E+12,2472,1600,408,Jumping Jacks
1.43794E+12,1928,1216,448,Jumping Jacks
1.43794E+12,1392,1040,-280,Jumping Jacks
1.43794E+12,1288,1272,-992,Jumping Jacks
1.43794E+12,1408,1392,-1808,Jumping Jacks
1.43794E+12,2744,2024,-4080,Jumping Jacks
1.43794E+12,3416,2400,-2608,Jumping Jacks
1.43794E+12,3752,2976,-432,Jumping Jacks
1.43794E+12,3232,2376,-840,Jumping Jacks
1.43794E+12,2400,1824,-400,Jumping Jacks
1.43794E+12,2048,1360,160,Jumping Jacks
1.43794E+12,1992,1144,512,Jumping Jacks
1.43794E+12,2016,1056,392,Jumping Jacks
1.43794E+12,2168,1008,560,Jumping Jacks
1.43794E+12,2264,864,592,Jumping Jacks
1.43794E+12,2096,704,784,Jumping Jacks
1.43794E+12,1808,648,1120,Jumping Jacks
1.43794E+12,1632,8,-280,Jumping Jacks
1.43794E+12,648,-744,-1392,Jumping Jacks
1.43794E+12,312,-2416,-2960,Jumping Jacks
1.43794E+12,-120,-2816,-1456,Jumping Jacks
1.43794E+12,104,-2480,-1304,Jumping Jacks
1.43794E+12,456,-1504,-384,Jumping Jacks
1.43794E+12,1192,-552,176,Jumping Jacks
1.43794E+12,1824,408,952,Jumping Jacks
1.43794E+12,2176,856,864,Jumping Jacks
1.43794E+12,2112,1128,680,Jumping Jacks
1.43794E+12,1792,1088,584,Jumping Jacks
1.43794E+12,1648,992,184,Jumping Jacks
1.43794E+12,1672,1032,40,Jumping Jacks
1.43794E+12,1792,1128,-1368,Jumping Jacks
1.43794E+12,1992,1200,-1552,Jumping Jacks
1.43794E+12,2888,1952,-3344,Jumping Jacks
1.43794E+12,3352,1648,-4080,Jumping Jacks
1.43794E+12,3696,2832,-1456,Jumping Jacks
1.43794E+12,3240,2320,-1128,Jumping Jacks
1.43794E+12,2504,1968,-232,Jumping Jacks
1.43794E+12,2008,1488,80,Jumping Jacks
1.43794E+12,1944,1352,272,Jumping Jacks
1.43794E+12,2048,1256,472,Jumping Jacks
1.43794E+12,2136,1344,544,Jumping Jacks
1.43794E+12,2256,1336,80,Jumping Jacks
1.43794E+12,2312,1152,480,Jumping Jacks
1.43794E+12,2184,464,872,Jumping Jacks
1.43794E+12,1448,16,776,Jumping Jacks
1.43794E+12,816,-824,80,Jumping Jacks
1.43794E+12,48,-2456,680,Jumping Jacks
1.43794E+12,-40,-3264,112,Jumping Jacks
1.43794E+12,240,-2560,616,Jumping Jacks
1.43794E+12,632,-1624,-368,Jumping Jacks
1.43794E+12,1416,-680,16,Jumping Jacks
1.43794E+12,2208,424,-8,Jumping Jacks
1.43794E+12,2376,960,-280,Jumping Jacks
1.43794E+12,2144,1144,-128,Jumping Jacks
1.43794E+12,1752,1176,-72,Jumping Jacks
1.43794E+12,1672,1112,-576,Jumping Jacks
1.43794E+12,1712,544,-928,Jumping Jacks
1.43794E+12,1864,904,-1408,Jumping Jacks
1.43794E+12,2368,448,-2016,Jumping Jacks
1.43794E+12,2784,296,-4080,Jumping Jacks
1.43794E+12,3296,-440,-4080,Jumping Jacks
1.43794E+12,3688,-1200,-3400,Jumping Jacks
1.43794E+12,3160,-1048,-2104,Jumping Jacks
1.43794E+12,2360,-352,-944,Jumping Jacks
1.43794E+12,1944,168,-408,Jumping Jacks
1.43794E+12,1888,336,-760,Jumping Jacks
1.43794E+12,2056,496,-672,Jumping Jacks
1.43794E+12,2216,800,-120,Jumping Jacks
1.43794E+12,2360,1024,-136,Jumping Jacks
1.43794E+12,2464,1000,40,Jumping Jacks
1.43794E+12,2288,672,392,Jumping Jacks
1.43794E+12,1664,-176,456,Jumping Jacks
1.43794E+12,496,-1552,-56,Jumping Jacks
1.43794E+12,88,-2816,-48,Jumping Jacks
1.43794E+12,-64,-3048,200,Jumping Jacks
1.43794E+12,352,-2136,0,Jumping Jacks
1.43794E+12,808,-984,32,Jumping Jacks
1.43794E+12,1608,-152,312,Jumping Jacks
1.43794E+12,2064,696,648,Jumping Jacks
1.43794E+12,2416,848,920,Jumping Jacks
1.43794E+12,2648,1192,280,Jumping Jacks
1.43794E+12,2432,1256,0,Jumping Jacks
1.43794E+12,1968,952,-464,Jumping Jacks
1.43794E+12,1584,880,-1536,Jumping Jacks
1.43794E+12,1488,928,-1328,Jumping Jacks
1.43794E+12,2440,1184,-3480,Jumping Jacks
1.43794E+12,3256,920,-4080,Jumping Jacks
1.43794E+12,3672,1216,-3512,Jumping Jacks
1.43794E+12,3472,960,-2048,Jumping Jacks
1.43794E+12,2488,912,-1296,Jumping Jacks
1.43794E+12,1912,808,-1016,Jumping Jacks
1.43794E+12,1960,792,-552,Jumping Jacks
1.43794E+12,2080,944,-384,Jumping Jacks
1.43794E+12,2448,992,-48,Jumping Jacks
1.43794E+12,2336,1368,320,Jumping Jacks
1.43794E+12,2456,1488,512,Jumping Jacks
1.43794E+12,2328,944,512,Jumping Jacks
1.43794E+12,1952,320,1168,Jumping Jacks
1.43794E+12,1192,-1112,368,Jumping Jacks
1.43794E+12,616,-2592,696,Jumping Jacks
1.43794E+12,264,-3312,600,Jumping Jacks
1.43794E+12,456,-2944,824,Jumping Jacks
1.43794E+12,1024,-1592,-184,Jumping Jacks
1.43794E+12,1928,-488,-24,Jumping Jacks
1.43794E+12,2280,472,168,Jumping Jacks
1.43794E+12,2328,856,72,Jumping Jacks
1.43794E+12,2192,1032,96,Jumping Jacks
1.43794E+12,1880,960,24,Jumping Jacks
1.43794E+12,1648,960,88,Jumping Jacks
1.43794E+12,1760,624,352,Jumping Jacks
1.43794E+12,1680,1576,496,Jumping Jacks
1.43794E+12,2048,1464,-1192,Jumping Jacks
1.43794E+12,3064,2760,-1232,Jumping Jacks
1.43794E+12,3528,3416,-3704,Jumping Jacks
1.43794E+12,3456,3336,-1328,Jumping Jacks
1.43794E+12,2736,2696,-544,Jumping Jacks
1.43794E+12,2088,1984,-480,Jumping Jacks
1.43794E+12,1928,1656,248,Jumping Jacks
1.43794E+12,2072,1328,488,Jumping Jacks
1.43794E+12,2160,1320,504,Jumping Jacks
1.43794E+12,2312,1296,712,Jumping Jacks
1.43794E+12,2552,1432,496,Jumping Jacks
1.43794E+12,2600,1216,320,Jumping Jacks
1.43794E+12,2544,1168,360,Jumping Jacks
1.43794E+12,2072,-248,1024,Jumping Jacks
1.43794E+12,1128,-2008,840,Jumping Jacks
1.43794E+12,448,-3040,1720,Jumping Jacks
1.43794E+12,280,-3552,1448,Jumping Jacks
1.43794E+12,696,-2384,840,Jumping Jacks
1.43794E+12,1464,-1096,-176,Jumping Jacks
1.43794E+12,2360,-104,-248,Jumping Jacks
1.43794E+12,2744,496,-568,Jumping Jacks
1.43794E+12,2656,672,-720,Jumping Jacks
1.43794E+12,2520,736,-408,Jumping Jacks
1.43794E+12,2336,984,-512,Jumping Jacks
1.43794E+12,1984,944,-832,Jumping Jacks
1.43794E+12,1664,1064,-528,Jumping Jacks
1.43794E+12,1568,1304,-2112,Jumping Jacks
1.43794E+12,1664,1104,-2920,Jumping Jacks
1.43794E+12,2376,-1152,-4080,Jumping Jacks
1.43794E+12,3136,352,-3016,Jumping Jacks
1.43794E+12,3584,-200,-3016,Jumping Jacks
1.43794E+12,3176,56,-2120,Jumping Jacks
1.43794E+12,2240,504,-968,Jumping Jacks
1.43794E+12,1760,696,-568,Jumping Jacks
1.43794E+12,1656,864,-720,Jumping Jacks
1.43794E+12,1632,888,-472,Jumping Jacks
1.43794E+12,1680,1184,-352,Jumping Jacks
1.43794E+12,2104,1440,-1112,Jumping Jacks
1.43794E+12,2352,664,-672,Jumping Jacks
1.43794E+12,2048,744,480,Jumping Jacks
1.43794E+12,1568,344,40,Jumping Jacks
1.43794E+12,944,-1240,1968,Jumping Jacks
1.43794E+12,480,-2664,3232,Jumping Jacks
1.43794E+12,272,-3072,2104,Jumping Jacks
1.43794E+12,264,-2544,1856,Jumping Jacks
1.43794E+12,864,-1472,336,Jumping Jacks
1.43794E+12,2024,-192,-400,Jumping Jacks
1.43794E+12,2944,768,-440,Jumping Jacks
1.43794E+12,2944,1184,-392,Jumping Jacks
1.43794E+12,2720,1200,-296,Jumping Jacks
1.43794E+12,2272,1056,-376,Jumping Jacks
1.43794E+12,2024,936,-848,Jumping Jacks
1.43794E+12,1616,816,-984,Jumping Jacks
1.43794E+12,1672,824,-1536,Jumping Jacks
1.43794E+12,1592,752,-1936,Jumping Jacks
1.43794E+12,2728,1952,-4080,Jumping Jacks
1.43794E+12,3408,616,-4080,Jumping Jacks
1.43794E+12,3744,1608,-2424,Jumping Jacks
1.43794E+12,2952,1616,-960,Jumping Jacks
1.43794E+12,2208,1296,-752,Jumping Jacks
1.43794E+12,1992,976,-224,Jumping Jacks
1.43794E+12,1816,1128,-16,Jumping Jacks
1.43794E+12,1800,1112,376,Jumping Jacks
1.43794E+12,1824,1160,-16,Jumping Jacks
1.43794E+12,2024,1224,-96,Jumping Jacks
1.43794E+12,2096,1152,152,Jumping Jacks
1.43794E+12,1960,960,168,Jumping Jacks
1.43794E+12,1616,64,696,Jumping Jacks
1.43794E+12,1240,-1400,32,Jumping Jacks
1.43794E+12,968,-2736,808,Jumping Jacks
1.43794E+12,416,-3408,-24,Jumping Jacks
1.43794E+12,368,-2800,664,Jumping Jacks
1.43794E+12,816,-1472,80,Jumping Jacks
1.43794E+12,1872,-368,-32,Jumping Jacks
1.43794E+12,2400,688,152,Jumping Jacks
1.43794E+12,2488,856,16,Jumping Jacks
1.43794E+12,2376,960,-168,Jumping Jacks
1.43794E+12,2024,840,-32,Jumping Jacks
1.43794E+12,2016,936,-248,Jumping Jacks
1.43794E+12,1848,696,-208,Jumping Jacks
1.43794E+12,1808,696,-1056,Jumping Jacks
1.43794E+12,1864,296,-1664,Jumping Jacks
1.43794E+12,2712,1144,-4080,Jumping Jacks
1.43794E+12,3176,-120,-4080,Jumping Jacks
1.43794E+12,3624,392,-2640,Jumping Jacks
1.43794E+12,3096,712,-1864,Jumping Jacks
1.43794E+12,2304,784,-1232,Jumping Jacks
1.43794E+12,2040,776,-368,Jumping Jacks
1.43794E+12,2112,880,-416,Jumping Jacks
1.43794E+12,2248,768,-120,Jumping Jacks
1.43794E+12,2232,824,40,Jumping Jacks
1.43794E+12,2264,864,0,Jumping Jacks
1.43794E+12,2328,824,16,Jumping Jacks
1.43794E+12,2216,592,536,Jumping Jacks
1.43794E+12,1960,296,416,Jumping Jacks
1.43794E+12,1232,-728,968,Jumping Jacks
1.43794E+12,712,-2400,1072,Jumping Jacks
1.43794E+12,168,-3240,864,Jumping Jacks
1.43794E+12,448,-3104,800,Jumping Jacks
1.43794E+12,904,-1792,-128,Jumping Jacks
1.43794E+12,1496,-648,104,Jumping Jacks
1.43794E+12,2168,544,80,Jumping Jacks
1.43794E+12,2408,1152,8,Jumping Jacks
1.43794E+12,2288,1208,48,Jumping Jacks
1.43794E+12,2192,1248,232,Jumping Jacks
1.43794E+12,2088,1056,-208,Jumping Jacks
1.43794E+12,1920,976,-168,Jumping Jacks
1.43794E+12,1824,760,-1224,Jumping Jacks
1.43794E+12,2032,832,-2608,Jumping Jacks
1.43794E+12,2880,1488,-4080,Jumping Jacks
1.43794E+12,3480,1432,-4080,Jumping Jacks
1.43794E+12,3544,1304,-2928,Jumping Jacks
1.43794E+12,3000,1688,-1536,Jumping Jacks
1.43794E+12,2336,1512,-504,Jumping Jacks
1.43794E+12,2040,1288,-256,Jumping Jacks
1.43794E+12,2040,1232,-96,Jumping Jacks
1.43794E+12,2080,1192,32,Jumping Jacks
1.43794E+12,2176,1320,-264,Jumping Jacks
1.43794E+12,2304,1352,24,Jumping Jacks
1.43794E+12,2392,1312,-200,Jumping Jacks
1.43794E+12,2304,768,848,Jumping Jacks
1.43794E+12,1592,-224,800,Jumping Jacks
1.43794E+12,1304,-1768,1640,Jumping Jacks
1.43794E+12,544,-2920,1704,Jumping Jacks
1.43794E+12,16,-3352,1688,Jumping Jacks
1.43794E+12,136,-2488,680,Jumping Jacks
1.43794E+12,528,-1224,120,Jumping Jacks
1.43794E+12,1264,-216,-40,Jumping Jacks
1.43794E+12,1984,560,32,Jumping Jacks
1.43794E+12,2384,1168,-104,Jumping Jacks
1.43794E+12,2424,1192,16,Jumping Jacks
1.43794E+12,2368,1240,-240,Jumping Jacks
1.43794E+12,2304,1272,-352,Jumping Jacks
1.43794E+12,2136,1144,16,Jumping Jacks
1.43794E+12,2096,1328,-1920,Jumping Jacks
1.43794E+12,1512,1208,-2640,Jumping Jacks
1.43794E+12,1104,232,-4008,Jumping Jacks
1.43794E+12,2592,2160,-2760,Jumping Jacks
1.43794E+12,3336,1608,-2272,Jumping Jacks
1.43794E+12,2968,1712,-1512,Jumping Jacks
1.43794E+12,2304,1408,-512,Jumping Jacks
1.43794E+12,2040,1136,-88,Jumping Jacks
1.43794E+12,2136,1064,-64,Jumping Jacks
1.43794E+12,2240,1120,120,Jumping Jacks
1.43794E+12,2584,1376,-32,Jumping Jacks
1.43794E+12,2960,1144,-104,Jumping Jacks
1.43794E+12,2752,928,368,Jumping Jacks
1.43794E+12,2192,-520,1032,Jumping Jacks
1.43794E+12,1456,-1200,832,Jumping Jacks
1.43794E+12,1168,-2176,1000,Jumping Jacks
1.43794E+12,472,-3128,1472,Jumping Jacks
1.43794E+12,-96,-3336,1400,Jumping Jacks
1.43794E+12,-24,-2696,512,Jumping Jacks
1.43794E+12,696,-1320,488,Jumping Jacks
1.43794E+12,2056,-56,240,Jumping Jacks
1.43794E+12,2768,1128,208,Jumping Jacks
1.43794E+12,2712,1344,-56,Jumping Jacks
1.43794E+12,2408,1360,-144,Jumping Jacks
1.43794E+12,1936,1136,-112,Jumping Jacks
1.43794E+12,2032,1072,-536,Jumping Jacks
1.43794E+12,1760,944,-1176,Jumping Jacks
1.43794E+12,1672,784,-1024,Jumping Jacks
1.43794E+12,1792,1000,-2664,Jumping Jacks
1.43794E+12,2488,2000,-4080,Jumping Jacks
1.43794E+12,3072,1320,-3840,Jumping Jacks
1.43794E+12,3456,1080,-2208,Jumping Jacks
1.43794E+12,3032,1104,-1952,Jumping Jacks
1.43794E+12,2208,1040,-760,Jumping Jacks
1.43794E+12,1632,1056,56,Jumping Jacks
1.43794E+12,1600,1024,-224,Jumping Jacks
1.43794E+12,1664,920,32,Jumping Jacks
1.43794E+12,1752,952,112,Jumping Jacks
1.43794E+12,1888,944,-192,Jumping Jacks
1.43794E+12,2112,1040,-104,Jumping Jacks
1.43794E+12,2080,720,384,Jumping Jacks
1.43794E+12,1832,488,432,Jumping Jacks
1.43794E+12,888,-1112,776,Jumping Jacks
1.43794E+12,-480,-2600,1504,Jumping Jacks
1.43794E+12,-936,-3336,1376,Jumping Jacks
1.43794E+12,-544,-2808,864,Jumping Jacks
1.43794E+12,248,-1608,88,Jumping Jacks
1.43794E+12,1176,-632,-264,Jumping Jacks
1.43794E+12,1904,72,-56,Jumping Jacks
1.43794E+12,2288,480,-200,Jumping Jacks
1.43794E+12,2184,608,-256,Jumping Jacks
1.43794E+12,1840,608,-96,Jumping Jacks
1.43794E+12,1752,664,-112,Jumping Jacks
1.43794E+12,1704,600,-920,Jumping Jacks
1.43794E+12,1568,536,112,Jumping Jacks
1.43794E+12,1728,1224,-2120,Jumping Jacks
1.43794E+12,2560,1632,-2688,Jumping Jacks
1.43794E+12,3320,2272,-4080,Jumping Jacks
1.43794E+12,3704,1632,-3264,Jumping Jacks
1.43794E+12,2984,1440,-1776,Jumping Jacks
1.43794E+12,2144,1232,-1104,Jumping Jacks
1.43794E+12,2136,1288,-688,Jumping Jacks
1.43794E+12,2336,1096,-600,Jumping Jacks
1.43794E+12,2360,896,-72,Jumping Jacks
1.43794E+12,2432,984,-152,Jumping Jacks
1.43794E+12,2736,960,208,Jumping Jacks
1.43794E+12,2920,1136,296,Jumping Jacks
1.43794E+12,2944,312,728,Jumping Jacks
1.43794E+12,2208,-248,312,Jumping Jacks
1.43794E+12,1352,-2000,-168,Jumping Jacks
1.43794E+12,864,-3040,-448,Jumping Jacks
1.43794E+12,-72,-3560,896,Jumping Jacks
1.43794E+12,-56,-3288,48,Jumping Jacks
1.43794E+12,488,-1808,560,Jumping Jacks
1.43794E+12,2192,-704,352,Jumping Jacks
1.43794E+12,3136,1144,-16,Jumping Jacks
1.43794E+12,3368,1128,240,Jumping Jacks
1.43794E+12,3056,856,-704,Jumping Jacks
1.43794E+12,2504,688,-528,Jumping Jacks
1.43794E+12,2392,232,-1784,Jumping Jacks
1.43794E+12,1672,184,-1200,Jumping Jacks
1.43794E+12,1696,440,-1584,Jumping Jacks
1.43794E+12,1368,568,-2512,Jumping Jacks
1.43794E+12,2088,840,-4080,Jumping Jacks
1.43794E+12,3088,1880,-3008,Jumping Jacks
1.43794E+12,3584,1696,-2528,Jumping Jacks
1.43794E+12,3208,1576,-1216,Jumping Jacks
1.43794E+12,2384,1336,-528,Jumping Jacks
1.43794E+12,2032,1144,-176,Jumping Jacks
1.43794E+12,2024,1040,-192,Jumping Jacks
1.43794E+12,2032,824,200,Jumping Jacks
1.43794E+12,1992,968,184,Jumping Jacks
1.43794E+12,2072,1112,192,Jumping Jacks
1.43794E+12,2032,1008,320,Jumping Jacks
1.43794E+12,1984,976,248,Jumping Jacks
1.43794E+12,1840,192,360,Jumping Jacks
1.43794E+12,560,-712,800,Jumping Jacks
1.43794E+12,552,-2400,1000,Jumping Jacks
1.43794E+12,-448,-3240,1336,Jumping Jacks
1.43794E+12,-192,-3272,928,Jumping Jacks
1.43794E+12,208,-2136,-24,Jumping Jacks
1.43794E+12,1080,-1080,16,Jumping Jacks
1.43794E+12,1920,-184,-32,Jumping Jacks
1.43794E+12,2344,600,-32,Jumping Jacks
1.43794E+12,2368,824,96,Jumping Jacks
1.43794E+12,2208,928,0,Jumping Jacks
1.43794E+12,2104,872,-160,Jumping Jacks
1.43794E+12,1832,752,-72,Jumping Jacks
1.43794E+12,1744,792,-216,Jumping Jacks
1.43794E+12,1792,800,-624,Jumping Jacks
1.43794E+12,1888,1504,-2696,Jumping Jacks
1.43794E+12,2984,2792,-4080,Jumping Jacks
1.43794E+12,3536,3432,-2392,Jumping Jacks
1.43794E+12,3560,2368,-1920,Jumping Jacks
1.43794E+12,2776,1840,-1192,Jumping Jacks
1.43794E+12,2080,1352,-408,Jumping Jacks
1.43794E+12,1904,1048,64,Jumping Jacks
1.43794E+12,1872,952,-152,Jumping Jacks
1.43794E+12,2016,904,16,Jumping Jacks
1.43794E+12,2072,1096,16,Jumping Jacks
1.43794E+12,2312,1520,0,Jumping Jacks
1.43794E+12,2352,1256,24,Jumping Jacks
1.43794E+12,2168,744,856,Jumping Jacks
1.43794E+12,1400,-176,896,Jumping Jacks
1.43794E+12,848,-1616,2048,Jumping Jacks
1.43794E+12,672,-2848,2088,Jumping Jacks
1.43794E+12,88,-3464,1680,Jumping Jacks
1.43794E+12,16,-3000,1408,Jumping Jacks
1.43794E+12,536,-1648,-32,Jumping Jacks
1.43794E+12,1336,-568,296,Jumping Jacks
1.43794E+12,2072,240,40,Jumping Jacks
1.43794E+12,2280,776,-216,Jumping Jacks
1.43794E+12,2168,944,-32,Jumping Jacks
1.43794E+12,1952,936,-392,Jumping Jacks
1.43794E+12,1776,848,-432,Jumping Jacks
1.43794E+12,1560,848,-232,Jumping Jacks
1.43794E+12,1496,824,-688,Jumping Jacks
1.43794E+12,1520,816,-944,Jumping Jacks
1.43794E+12,2016,872,-1016,Jumping Jacks
1.43794E+12,2600,992,-1176,Jumping Jacks
1.43794E+12,3344,872,-4080,Jumping Jacks
1.43794E+12,1920,440,-576,Jumping Jacks
1.43794E+12,2240,704,-832,Jumping Jacks
1.43794E+12,1600,696,-88,Jumping Jacks
1.43794E+12,1184,488,-48,Jumping Jacks
